{"cameraMode":{"drawMode":0,"name":"Shaded","section":"Shading Mode"},"sceneLighting":true,"audioPlay":false,"sceneViewState":{"showFog":true,"showMaterialUpdate":true,"showSkybox":true,"showFlares":true,"showImageEffects":true,"showParticleSystems":true},"in2DMode":false,"pivot":{"x":1.7140541076660157,"y":0.6482248306274414,"z":4.695844650268555},"rotation":{"x":-0.28902313113212588,"y":-0.4054618179798126,"z":0.13684536516666413,"w":-0.8563525676727295},"size":0.7641081213951111,"orthographic":false}