{"cameraMode":{"drawMode":0,"name":"Shaded","section":"Shading Mode"},"sceneLighting":true,"audioPlay":false,"sceneViewState":{"showFog":true,"showMaterialUpdate":true,"showSkybox":true,"showFlares":true,"showImageEffects":true,"showParticleSystems":true},"in2DMode":false,"pivot":{"x":11.986344337463379,"y":0.594211995601654,"z":11.464864730834961},"rotation":{"x":0.18179647624492646,"y":-0.6151260137557983,"z":0.1485775262117386,"w":0.752658486366272},"size":4.517198085784912,"orthographic":false}