{"cameraMode":{"drawMode":0,"name":"Shaded","section":"Shading Mode"},"sceneLighting":true,"audioPlay":false,"sceneViewState":{"showFog":true,"showMaterialUpdate":false,"showSkybox":true,"showFlares":true,"showImageEffects":true,"showParticleSystems":true},"in2DMode":false,"pivot":{"x":5.318571090698242,"y":0.1928025484085083,"z":-3.469794988632202},"rotation":{"x":-0.009314732626080513,"y":0.9900689721107483,"z":-0.11517488956451416,"w":-0.08007148653268814},"size":6.607396125793457,"orthographic":false}