{"cameraMode":{"drawMode":0,"name":"Shaded","section":"Shading Mode"},"sceneLighting":true,"audioPlay":false,"sceneViewState":{"showFog":true,"showMaterialUpdate":false,"showSkybox":true,"showFlares":true,"showImageEffects":true,"showParticleSystems":true},"in2DMode":false,"pivot":{"x":5.902938365936279,"y":0.5637698173522949,"z":-0.11354154348373413},"rotation":{"x":-0.08660989999771118,"y":-0.8692341446876526,"z":0.16430966556072236,"w":-0.45818451046943667},"size":0.7578842043876648,"orthographic":false}